{"test_loss": 0.017413336783647537, "test/r2_score": 0.8774316906929016, "test/mse": 0.034826673567295074, "test/mae": 0.16047805547714233}