{
    "gts": [
        2.3523271083831787,
        3.808882236480713,
        3.7551352977752686,
        4.1623148918151855,
        2.842581033706665,
        3.354804277420044,
        2.730463743209839,
        2.9161477088928223,
        2.9942312240600586,
        3.7782630920410156,
        3.117949962615967
    ],
    "preds": [
        2.609988212585449,
        3.8271806240081787,
        3.4199905395507812,
        3.92434024810791,
        2.7270636558532715,
        3.5083212852478027,
        2.964264392852783,
        3.026817798614502,
        3.137202739715576,
        3.770521402359009,
        3.269911289215088
    ]
}