{"test_loss": 0.00013147555000614375, "test/r2_score": 0.9343480467796326, "test/mse": 0.0002629511000122875, "test/mae": 0.013764468021690845}