{"gts": [5.787081241607666, 5.779106140136719, 5.819578170776367, 5.678703784942627, 5.695582389831543, 5.840670585632324, 5.770443916320801, 5.8955864906311035, 5.7812371253967285, 5.7379584312438965, 5.86098575592041], "preds": [5.768467426300049, 5.776307106018066, 5.805611610412598, 5.6504011154174805, 5.686058044433594, 5.865566730499268, 5.747289180755615, 5.894113063812256, 5.772671699523926, 5.730865955352783, 5.847965240478516]}