{"test_loss": 0.029428541660308838, "test/r2_score": 0.7928594946861267, "test/mse": 0.058857083320617676, "test/mae": 0.1686742901802063}