{"gts": [2.3523271083831787, 3.808882236480713, 3.7551352977752686, 4.1623148918151855, 2.842581033706665, 3.354804277420044, 2.730463743209839, 2.9161477088928223, 2.9942312240600586, 3.7782630920410156, 3.117949962615967], "preds": [2.4270176887512207, 3.5452585220336914, 3.1621744632720947, 4.1162824630737305, 2.9128284454345703, 2.976804733276367, 2.4963419437408447, 2.9204487800598145, 2.9773528575897217, 3.8807034492492676, 3.0458288192749023]}