{
    "test_loss": 0.00017154598026536405,
    "test/r2_score": 0.914339005947113,
    "test/mse": 0.0003430919605307281,
    "test/mae": 0.014718922786414623
}