{
    "gts": [
        5.787081241607666,
        5.779106140136719,
        5.819578170776367,
        5.678703784942627,
        5.695582389831543,
        5.840670585632324,
        5.770443916320801,
        5.8955864906311035,
        5.7812371253967285,
        5.7379584312438965,
        5.86098575592041
    ],
    "preds": [
        5.773643970489502,
        5.786174297332764,
        5.79821252822876,
        5.64153528213501,
        5.6873273849487305,
        5.875412940979004,
        5.75675630569458,
        5.905864715576172,
        5.782713413238525,
        5.726803302764893,
        5.8577117919921875
    ]
}